-- phpMyAdmin SQL Dump
-- version 4.9.1
-- https://www.phpmyadmin.net/
--
-- Počítač: sql.endora.cz:3310
-- Vytvořeno: Čtv 21. říj 2021, 00:07
-- Verze serveru: 5.6.45-86.1
-- Verze PHP: 7.3.9

SET SQL_MODE = "NO_AUTO_VALUE_ON_ZERO";
SET AUTOCOMMIT = 0;
START TRANSACTION;
SET time_zone = "+00:00";


/*!40101 SET @OLD_CHARACTER_SET_CLIENT=@@CHARACTER_SET_CLIENT */;
/*!40101 SET @OLD_CHARACTER_SET_RESULTS=@@CHARACTER_SET_RESULTS */;
/*!40101 SET @OLD_COLLATION_CONNECTION=@@COLLATION_CONNECTION */;
/*!40101 SET NAMES utf8mb4 */;

--
-- Databáze: `soutez`
--

-- --------------------------------------------------------

--
-- Struktura tabulky `answers`
--

CREATE TABLE `answers` (
  `id` int(255) NOT NULL,
  `id_u` varchar(255) NOT NULL,
  `id_t` varchar(255) NOT NULL,
  `answer` varchar(650) NOT NULL
) ENGINE=MyISAM DEFAULT CHARSET=utf8;

--
-- Vypisuji data pro tabulku `answers`
--

INSERT INTO `answers` (`id`, `id_u`, `id_t`, `answer`) VALUES
(43, '179072805', '9', 'Darovaný Madmonq!'),
(42, '89483941', '9', 'Darovaný Madmonq!'),
(41, '69762631', '9', 'Darovaný Madmonq!'),
(40, '269190967', '9', 'Darovaný Madmonq!'),
(8, '126791790', '8', 'Koupený Madmonq!'),
(9, '616587851', '8', 'Darovaný Madmonq!'),
(10, '659793540', '8', 'Darovaný Madmonq!'),
(11, '162305249', '8', 'Darovaný Madmonq!'),
(12, '442265894', '8', 'Koupený Madmonq!'),
(13, '187740847', '8', 'Koupený Madmonq!'),
(14, '624829020', '8', 'Darovaný Madmonq!'),
(15, '629465162', '8', 'Darovaný Madmonq!'),
(16, '182021929', '8', 'Darovaný Madmonq!'),
(17, '179072805', '8', 'Koupený Madmonq!'),
(18, '418633119', '8', 'Darovaný Madmonq!'),
(19, '416914702', '8', 'Koupený Madmonq!'),
(20, '655853040', '8', 'Koupený Madmonq!'),
(21, '89060208', '8', 'Koupený Madmonq!'),
(22, '501458755', '8', 'Darovaný Madmonq!'),
(23, '166653245', '8', 'Koupený Madmonq!'),
(24, '269190967', '8', 'Koupený Madmonq!'),
(25, '149846231', '8', 'Darovaný Madmonq!'),
(26, '37284789', '8', 'Darovaný Madmonq!'),
(27, '89483941', '8', 'Koupený Madmonq!'),
(28, '77873942', '8', 'Koupený Madmonq!'),
(29, '69336310', '8', 'Darovaný Madmonq!'),
(30, '123077008', '8', 'Darovaný Madmonq!'),
(31, '85226718', '8', 'Darovaný Madmonq!'),
(32, '69238222', '8', 'Darovaný Madmonq!'),
(33, '188879435', '8', 'Darovaný Madmonq!'),
(34, '38469707', '8', 'Koupený Madmonq!'),
(35, '716649482', '8', 'Darovaný Madmonq!'),
(36, '98438237', '8', 'Koupený Madmonq!'),
(37, '78620869', '8', 'Darovaný Madmonq!'),
(38, '418296566', '8', 'Darovaný Madmonq!'),
(39, '468031954', '8', 'Koupený Madmonq!'),
(44, '659793540', '9', 'Darovaný Madmonq!'),
(45, '47991413', '9', 'Darovaný Madmonq!'),
(46, '187740847', '9', 'Darovaný Madmonq!'),
(47, '655853040', '9', 'Darovaný Madmonq!'),
(48, '634878429', '9', 'Darovaný Madmonq!'),
(49, '616587851', '9', 'Koupený Madmonq!'),
(50, '37284789', '9', 'Darovaný Madmonq!'),
(51, '110174042', '9', 'Darovaný Madmonq!'),
(52, '29625176', '9', 'Koupený Madmonq!'),
(53, '717780646', '9', 'Darovaný Madmonq!'),
(54, '473163967', '9', 'Darovaný Madmonq!'),
(55, '416914702', '9', 'Darovaný Madmonq!'),
(56, '412318447', '9', 'Darovaný Madmonq!'),
(57, '85226718', '9', 'Koupený Madmonq!'),
(58, '38469707', '9', 'Koupený Madmonq!'),
(59, '716649482', '9', 'Koupený Madmonq!'),
(60, '166653245', '9', 'Koupený Madmonq!'),
(61, '188879435', '9', 'Koupený Madmonq!'),
(62, '416914702', '10', 'Darovaný Madmonq!'),
(63, '188879435', '10', 'Koupený Madmonq!'),
(64, '501458755', '10', 'Koupený Madmonq!'),
(65, '634878429', '10', 'Darovaný Madmonq!'),
(66, '37284789', '10', 'Darovaný Madmonq!'),
(67, '269190967', '10', 'Darovaný Madmonq!'),
(68, '418633119', '10', 'Koupený Madmonq!'),
(69, '187740847', '10', 'Koupený Madmonq!'),
(70, '116686348', '10', 'Darovaný Madmonq!'),
(71, '88478021', '10', 'Darovaný Madmonq!'),
(72, '77873942', '10', 'Koupený Madmonq!'),
(73, '142761052', '10', 'Koupený Madmonq!'),
(74, '717780646', '10', 'Koupený Madmonq!'),
(75, '89483941', '10', 'Darovaný Madmonq!'),
(76, '716649482', '10', 'Koupený Madmonq!'),
(77, '655853040', '10', 'Koupený Madmonq!'),
(78, '142761052', '11', 'Darovaný Madmonq!'),
(79, '501458755', '11', 'Koupený Madmonq!'),
(80, '269190967', '11', 'Koupený Madmonq!'),
(81, '504000225', '11', 'Koupený Madmonq!'),
(82, '634878429', '11', 'Koupený Madmonq!'),
(83, '616587851', '11', 'Darovaný Madmonq!'),
(84, '544332669', '11', 'Darovaný Madmonq!'),
(85, '717780646', '11', 'Darovaný Madmonq!'),
(86, '655853040', '11', 'Darovaný Madmonq!'),
(87, '130565485', '11', 'Koupený Madmonq!'),
(88, '37284789', '11', 'Koupený Madmonq!'),
(89, '716649482', '11', 'Darovaný Madmonq!'),
(90, '85226718', '11', 'Koupený Madmonq!'),
(91, '41699495', '11', 'Darovaný Madmonq!'),
(92, '438681183', '11', 'Koupený Madmonq!'),
(93, '126791790', '11', 'Darovaný Madmonq!'),
(94, '516300415', '11', 'Koupený Madmonq!'),
(95, '418633119', '11', 'Koupený Madmonq!'),
(96, '188879435', '11', 'Darovaný Madmonq!'),
(97, '116686348', '11', 'Darovaný Madmonq!'),
(98, '138063302', '11', 'Koupený Madmonq!'),
(99, '617729295', '11', 'Darovaný Madmonq!'),
(100, '44209753', '11', 'Koupený Madmonq!'),
(101, '94623635', '11', 'Koupený Madmonq!'),
(102, '187740847', '12', 'Darovaný Madmonq!'),
(103, '418633119', '12', 'Darovaný Madmonq!'),
(104, '716649482', '12', 'Darovaný Madmonq!'),
(105, '717780646', '12', 'Darovaný Madmonq!'),
(106, '655853040', '12', 'Koupený Madmonq!'),
(107, '41699495', '12', 'Koupený Madmonq!'),
(108, '27208746', '12', 'Koupený Madmonq!'),
(109, '37284789', '12', 'Darovaný Madmonq!'),
(110, '269190967', '12', 'Darovaný Madmonq!'),
(111, '46710407', '12', 'Koupený Madmonq!'),
(112, '48982853', '12', 'Darovaný Madmonq!'),
(113, '39505414', '12', 'Koupený Madmonq!'),
(114, '663829687', '12', 'Koupený Madmonq!'),
(115, '716805923', '13', 'Darovaný Madmonq!'),
(116, '501458755', '13', 'Darovaný Madmonq!'),
(117, '116686348', '13', 'Koupený Madmonq!'),
(118, '97293852', '13', 'Koupený Madmonq!'),
(119, '544332669', '13', 'Koupený Madmonq!'),
(120, '119262510', '13', 'Darovaný Madmonq!'),
(121, '119620108', '13', 'Darovaný Madmonq!'),
(122, '118146288', '13', 'Darovaný Madmonq!'),
(123, '262921444', '13', 'Darovaný Madmonq!'),
(124, '269190967', '13', 'Koupený Madmonq!'),
(125, '37284789', '13', 'Koupený Madmonq!'),
(126, '533182742', '13', 'Koupený Madmonq!'),
(127, '480819612', '13', 'Darovaný Madmonq!'),
(128, '655853040', '13', 'Darovaný Madmonq!'),
(129, '717780646', '13', 'Koupený Madmonq!'),
(130, '85226718', '13', 'Darovaný Madmonq!'),
(131, '188879435', '13', 'Darovaný Madmonq!'),
(132, '616587851', '13', 'Koupený Madmonq!'),
(133, '171270687', '13', 'Koupený Madmonq!'),
(134, '693890011', '13', 'Koupený Madmonq!'),
(135, '142761052', '13', 'Darovaný Madmonq!'),
(136, '504000225', '14', 'Koupený Madmonq!'),
(137, '179072805', '14', 'Koupený Madmonq!'),
(138, '55562632', '14', 'Koupený Madmonq!'),
(139, '39505414', '14', 'Darovaný Madmonq!'),
(140, '480819612', '14', 'Koupený Madmonq!'),
(141, '416914702', '14', 'Koupený Madmonq!'),
(142, '717780646', '14', 'Darovaný Madmonq!'),
(143, '616587851', '14', 'Koupený Madmonq!'),
(144, '187740847', '14', 'Koupený Madmonq!'),
(145, '655853040', '14', 'Koupený Madmonq!'),
(146, '716649482', '14', 'Darovaný Madmonq!'),
(147, '269190967', '14', 'Koupený Madmonq!'),
(148, '37284789', '14', 'Koupený Madmonq!'),
(149, '598299293', '14', 'Darovaný Madmonq!'),
(150, '118146288', '14', 'Koupený Madmonq!'),
(151, '90774053', '14', 'Darovaný Madmonq!'),
(152, '659793540', '14', 'Koupený Madmonq!'),
(153, '418633119', '14', 'Darovaný Madmonq!'),
(154, '693890011', '14', 'Koupený Madmonq!'),
(155, '85226718', '14', 'Koupený Madmonq!'),
(156, '88478021', '14', 'Darovaný Madmonq!'),
(157, '716805923', '14', 'Koupený Madmonq!'),
(158, '269190967', '15', 'Koupený Madmonq!'),
(159, '480819612', '15', 'Darovaný Madmonq!'),
(160, '231613046', '15', 'Darovaný Madmonq!'),
(161, '418633119', '15', 'Darovaný Madmonq!'),
(162, '616587851', '15', 'Darovaný Madmonq!'),
(163, '504000225', '15', 'Koupený Madmonq!'),
(164, '187740847', '15', 'Darovaný Madmonq!'),
(165, '37284789', '15', 'Darovaný Madmonq!'),
(166, '166653245', '15', 'Koupený Madmonq!'),
(167, '166653245', '11', 'Koupený Madmonq!'),
(168, '716649482', '15', 'Darovaný Madmonq!'),
(169, '717780646', '15', 'Koupený Madmonq!'),
(170, '41699495', '15', 'Koupený Madmonq!'),
(171, '116686348', '15', 'Koupený Madmonq!'),
(172, '617616268', '15', 'Darovaný Madmonq!'),
(173, '105808841', '15', 'Darovaný Madmonq!'),
(174, '655853040', '15', 'Darovaný Madmonq!'),
(175, '624171462', '15', 'Darovaný Madmonq!'),
(176, '239765257', '15', 'Darovaný Madmonq!'),
(177, '67243741', '15', 'Koupený Madmonq!'),
(178, '108900684', '15', 'Koupený Madmonq!'),
(179, '187740847', '16', 'Darovaný Madmonq!'),
(180, '504000225', '16', 'Koupený Madmonq!'),
(181, '616587851', '16', 'Darovaný Madmonq!'),
(182, '89483941', '16', 'Darovaný Madmonq!'),
(183, '269190967', '16', 'Darovaný Madmonq!'),
(184, '41699495', '16', 'Koupený Madmonq!'),
(185, '655853040', '16', 'Koupený Madmonq!'),
(186, '716805923', '16', 'Koupený Madmonq!'),
(187, '239765257', '16', 'Darovaný Madmonq!'),
(188, '480819612', '16', 'Koupený Madmonq!'),
(189, '39505414', '16', 'Darovaný Madmonq!'),
(190, '716649482', '16', 'Darovaný Madmonq!'),
(191, '418633119', '16', 'Koupený Madmonq!'),
(192, '472226882', '16', 'Darovaný Madmonq!'),
(193, '126791790', '17', 'Koupený Madmonq!'),
(194, '716136155', '17', 'Darovaný Madmonq!'),
(195, '616587851', '17', 'Darovaný Madmonq!'),
(196, '269190967', '17', 'Koupený Madmonq!'),
(197, '674654447', '17', 'Koupený Madmonq!'),
(198, '716649482', '17', 'Koupený Madmonq!'),
(199, '475791006', '17', 'Darovaný Madmonq!'),
(200, '472226882', '17', 'Koupený Madmonq!'),
(201, '142761052', '17', 'Darovaný Madmonq!'),
(202, '89483941', '17', 'Darovaný Madmonq!'),
(203, '418633119', '17', 'Koupený Madmonq!'),
(204, '39505414', '17', 'Koupený Madmonq!'),
(205, '406427725', '17', 'Koupený Madmonq!'),
(206, '37284789', '17', 'Koupený Madmonq!'),
(207, '655853040', '17', 'Koupený Madmonq!'),
(208, '716805923', '17', 'Koupený Madmonq!'),
(209, '231147518', '17', 'Darovaný Madmonq!'),
(210, '32781741', '17', 'Koupený Madmonq!'),
(211, '92359455', '17', 'Darovaný Madmonq!'),
(212, '631528731', '17', 'Darovaný Madmonq!'),
(213, '66405264', '18', 'Koupený Madmonq!'),
(214, '504000225', '18', 'Koupený Madmonq!'),
(215, '716649482', '18', 'Koupený Madmonq!'),
(216, '269190967', '18', 'Koupený Madmonq!'),
(217, '655853040', '18', 'Koupený Madmonq!'),
(218, '481411664', '18', 'Koupený Madmonq!'),
(219, '166653245', '17', 'Darovaný Madmonq!'),
(220, '166653245', '18', 'Koupený Madmonq!'),
(221, '166653245', '10', 'Darovaný Madmonq!'),
(222, '142761052', '18', 'Koupený Madmonq!'),
(223, '204577675', '18', 'Koupený Madmonq!'),
(224, '472226882', '18', 'Darovaný Madmonq!'),
(225, '716805923', '18', 'Darovaný Madmonq!'),
(226, '69238222', '18', 'Koupený Madmonq!'),
(227, '37284789', '18', 'Koupený Madmonq!'),
(228, '30820263', '18', 'Koupený Madmonq!'),
(229, '39505414', '18', 'Koupený Madmonq!'),
(230, '185824467', '18', 'Koupený Madmonq!'),
(231, '464216570', '18', 'Koupený Madmonq!'),
(232, '77873942', '18', 'Koupený Madmonq!'),
(233, '504000225', '19', 'Koupený Madmonq!'),
(234, '716649482', '19', 'Koupený Madmonq!'),
(235, '618568923', '19', 'Koupený Madmonq!'),
(236, '674654447', '19', 'Darovaný Madmonq!'),
(237, '616587851', '19', 'Darovaný Madmonq!'),
(238, '501458755', '19', 'Koupený Madmonq!'),
(239, '269190967', '19', 'Darovaný Madmonq!'),
(240, '717780646', '19', 'Darovaný Madmonq!'),
(241, '187740847', '19', 'Darovaný Madmonq!'),
(242, '37284789', '19', 'Darovaný Madmonq!'),
(243, '166653245', '19', 'Darovaný Madmonq!'),
(244, '39505414', '19', 'Darovaný Madmonq!'),
(245, '77873942', '19', 'Darovaný Madmonq!'),
(246, '418633119', '19', 'Darovaný Madmonq!'),
(247, '166653245', '16', 'Darovaný Madmonq!'),
(248, '166653245', '20', 'Darovaný Madmonq!'),
(249, '166653245', '14', 'Darovaný Madmonq!'),
(250, '166653245', '13', 'Koupený Madmonq!'),
(251, '166653245', '12', 'Darovaný Madmonq!'),
(252, '66405264', '20', 'Darovaný Madmonq!'),
(253, '504000225', '20', 'Koupený Madmonq!'),
(254, '270298222', '20', 'Koupený Madmonq!'),
(255, '616587851', '20', 'Koupený Madmonq!'),
(256, '269190967', '20', 'Darovaný Madmonq!'),
(257, '717780646', '20', 'Koupený Madmonq!'),
(258, '716649482', '20', 'Koupený Madmonq!'),
(259, '39505414', '20', 'Koupený Madmonq!'),
(260, '89483941', '20', 'Koupený Madmonq!'),
(261, '37284789', '20', 'Darovaný Madmonq!'),
(262, '77873942', '20', 'Koupený Madmonq!'),
(263, '716805923', '20', 'Darovaný Madmonq!'),
(264, '41699495', '20', 'Darovaný Madmonq!'),
(265, '222703704', '20', 'Koupený Madmonq!'),
(266, '471690975', '20', 'Koupený Madmonq!'),
(267, '418633119', '20', 'Darovaný Madmonq!'),
(268, '231147518', '23', 'Koupený Madmonq!'),
(269, '187740847', '23', 'Koupený Madmonq!'),
(270, '79098050', '23', 'Darovaný Madmonq!'),
(271, '269190967', '23', 'Koupený Madmonq!'),
(272, '481411664', '23', 'Koupený Madmonq!'),
(273, '716649482', '23', 'Darovaný Madmonq!'),
(274, '89483941', '23', 'Koupený Madmonq!'),
(275, '37284789', '23', 'Koupený Madmonq!'),
(276, '472226882', '23', 'Koupený Madmonq!'),
(277, '41699495', '23', 'Koupený Madmonq!'),
(278, '166653245', '23', 'Koupený Madmonq!'),
(279, '418633119', '23', 'Koupený Madmonq!'),
(280, '616587851', '24', 'Darovaný Madmonq!'),
(281, '659793540', '24', 'Koupený Madmonq!'),
(282, '187740847', '24', 'Darovaný Madmonq!'),
(283, '27208746', '24', 'Koupený Madmonq!'),
(284, '716649482', '24', 'Darovaný Madmonq!'),
(285, '41699495', '24', 'Koupený Madmonq!'),
(286, '39505414', '24', 'Darovaný Madmonq!'),
(287, '655853040', '24', 'Koupený Madmonq!'),
(288, '37284789', '24', 'Darovaný Madmonq!'),
(289, '89483941', '24', 'Darovaný Madmonq!'),
(290, '166653245', '24', 'Koupený Madmonq!'),
(291, '716805923', '24', 'Darovaný Madmonq!'),
(292, '231613046', '24', 'Darovaný Madmonq!'),
(293, '81562979', '24', 'Koupený Madmonq!'),
(294, '157607532', '24', 'Darovaný Madmonq!'),
(295, '412318447', '24', 'Koupený Madmonq!'),
(296, '602582037', '24', 'Koupený Madmonq!'),
(297, '67243741', '24', 'Koupený Madmonq!'),
(298, '410606440', '24', 'Darovaný Madmonq!'),
(299, '269190967', '24', 'Darovaný Madmonq!'),
(300, '181252553', '24', 'Koupený Madmonq!'),
(301, '119262510', '24', 'Koupený Madmonq!'),
(302, '187740847', '25', 'Koupený Madmonq!'),
(303, '655853040', '25', 'Darovaný Madmonq!'),
(304, '412318447', '25', 'Darovaný Madmonq!'),
(305, '616587851', '25', 'Koupený Madmonq!'),
(306, '269190967', '25', 'Koupený Madmonq!'),
(307, '89483941', '25', 'Darovaný Madmonq!'),
(308, '716649482', '25', 'Koupený Madmonq!'),
(309, '716805923', '25', 'Koupený Madmonq!'),
(310, '485264353', '25', 'Darovaný Madmonq!'),
(311, '473163967', '25', 'Koupený Madmonq!'),
(312, '418633119', '25', 'Koupený Madmonq!'),
(313, '659793540', '25', 'Darovaný Madmonq!'),
(314, '37284789', '25', 'Darovaný Madmonq!'),
(315, '151319992', '25', 'Koupený Madmonq!'),
(316, '126791790', '25', 'Darovaný Madmonq!'),
(317, '39505414', '25', 'Koupený Madmonq!'),
(318, '166653245', '25', 'Darovaný Madmonq!'),
(319, '504000225', '26', 'Koupený Madmonq!'),
(320, '616587851', '26', 'Koupený Madmonq!'),
(321, '55562632', '26', 'Darovaný Madmonq!'),
(322, '187740847', '26', 'Koupený Madmonq!'),
(323, '716649482', '26', 'Koupený Madmonq!'),
(324, '537186439', '26', 'Darovaný Madmonq!'),
(325, '37284789', '26', 'Koupený Madmonq!'),
(326, '89483941', '26', 'Koupený Madmonq!'),
(327, '655853040', '26', 'Koupený Madmonq!'),
(328, '269190967', '26', 'Darovaný Madmonq!'),
(329, '406427725', '26', 'Darovaný Madmonq!'),
(330, '62262774', '26', 'Koupený Madmonq!'),
(331, '717780646', '26', 'Darovaný Madmonq!'),
(332, '473163967', '26', 'Koupený Madmonq!'),
(333, '39505414', '26', 'Koupený Madmonq!'),
(334, '80581740', '26', 'Darovaný Madmonq!'),
(335, '171270687', '26', 'Koupený Madmonq!'),
(336, '468065408', '26', 'Darovaný Madmonq!'),
(337, '418633119', '27', 'Koupený Madmonq!'),
(338, '504000225', '27', 'Koupený Madmonq!'),
(339, '655853040', '27', 'Darovaný Madmonq!'),
(340, '37284789', '27', 'Darovaný Madmonq!'),
(341, '716649482', '27', 'Koupený Madmonq!'),
(342, '269190967', '27', 'Koupený Madmonq!'),
(343, '166653245', '26', 'Darovaný Madmonq!'),
(344, '166653245', '27', 'Koupený Madmonq!'),
(345, '41699495', '27', 'Darovaný Madmonq!'),
(346, '410606440', '27', 'Darovaný Madmonq!'),
(347, '518687786', '27', 'Darovaný Madmonq!'),
(348, '46594365', '27', 'Darovaný Madmonq!'),
(349, '89483941', '27', 'Koupený Madmonq!'),
(350, '187740847', '28', 'Koupený Madmonq!'),
(351, '616587851', '28', 'Koupený Madmonq!'),
(352, '270298222', '28', 'Koupený Madmonq!'),
(353, '716649482', '28', 'Koupený Madmonq!'),
(354, '37284789', '28', 'Koupený Madmonq!'),
(355, '115863035', '28', 'Koupený Madmonq!'),
(356, '130565485', '28', 'Koupený Madmonq!'),
(357, '504000225', '28', 'Koupený Madmonq!'),
(358, '269190967', '28', 'Darovaný Madmonq!'),
(359, '655853040', '28', 'Darovaný Madmonq!'),
(360, '418633119', '28', 'Koupený Madmonq!'),
(361, '41699495', '28', 'Koupený Madmonq!'),
(362, '166653245', '28', 'Darovaný Madmonq!'),
(363, '39505414', '28', 'Koupený Madmonq!'),
(364, '518687786', '28', 'Koupený Madmonq!'),
(365, '77873942', '28', 'Koupený Madmonq!'),
(366, '98438237', '28', 'Koupený Madmonq!'),
(367, '655853040', '29', 'Koupený Madmonq!'),
(368, '604239687', '29', 'Darovaný Madmonq!'),
(369, '269190967', '29', 'Koupený Madmonq!'),
(370, '142761052', '29', 'Darovaný Madmonq!'),
(371, '441817893', '29', 'Darovaný Madmonq!'),
(372, '616587851', '29', 'Darovaný Madmonq!'),
(373, '716649482', '29', 'Koupený Madmonq!'),
(374, '39505414', '29', 'Darovaný Madmonq!'),
(375, '41699495', '29', 'Koupený Madmonq!'),
(376, '85226718', '29', 'Darovaný Madmonq!'),
(377, '27314755', '29', 'Darovaný Madmonq!'),
(378, '77873942', '29', 'Darovaný Madmonq!'),
(379, '37284789', '29', 'Koupený Madmonq!'),
(380, '162001755', '29', 'Darovaný Madmonq!'),
(381, '418633119', '29', 'Koupený Madmonq!'),
(382, '157153660', '29', 'Darovaný Madmonq!'),
(383, '716136155', '29', 'Darovaný Madmonq!'),
(384, '655853040', '30', 'Darovaný Madmonq!'),
(385, '616587851', '30', 'Darovaný Madmonq!'),
(386, '187740847', '30', 'Darovaný Madmonq!'),
(387, '418633119', '30', 'Koupený Madmonq!'),
(388, '269190967', '30', 'Darovaný Madmonq!'),
(389, '504000225', '30', 'Koupený Madmonq!'),
(390, '77873942', '30', 'Koupený Madmonq!'),
(391, '716649482', '30', 'Darovaný Madmonq!'),
(392, '410606440', '30', 'Koupený Madmonq!'),
(393, '62747913', '30', 'Darovaný Madmonq!'),
(394, '41699495', '30', 'Darovaný Madmonq!'),
(395, '37284789', '30', 'Darovaný Madmonq!'),
(396, '114298889', '30', 'Koupený Madmonq!'),
(397, '407823501', '30', 'Koupený Madmonq!'),
(398, '162001755', '31', 'Darovaný Madmonq!'),
(399, '616587851', '31', 'Darovaný Madmonq!'),
(400, '275994499', '31', 'Darovaný Madmonq!'),
(401, '114298889', '31', 'Koupený Madmonq!'),
(402, '270298222', '31', 'Darovaný Madmonq!'),
(403, '187740847', '31', 'Koupený Madmonq!'),
(404, '245930529', '31', 'Darovaný Madmonq!'),
(405, '269190967', '31', 'Koupený Madmonq!'),
(406, '418633119', '31', ''),
(407, '717780646', '31', 'Darovaný Madmonq!'),
(408, '655853040', '31', 'Koupený Madmonq!'),
(409, '37284789', '31', 'Darovaný Madmonq!'),
(410, '716649482', '31', 'Darovaný Madmonq!'),
(411, '77873942', '31', 'Koupený Madmonq!'),
(412, '504000225', '31', 'Koupený Madmonq!'),
(413, '39505414', '31', 'Darovaný Madmonq!'),
(414, '472226882', '31', 'Darovaný Madmonq!'),
(415, '89483941', '31', 'Darovaný Madmonq!');

-- --------------------------------------------------------

--
-- Struktura tabulky `tips`
--

CREATE TABLE `tips` (
  `id` int(255) NOT NULL,
  `tip` varchar(6500) NOT NULL,
  `answer` varchar(6500) NOT NULL,
  `vypnuto` tinyint(1) NOT NULL DEFAULT '0',
  `moznosti` mediumtext NOT NULL
) ENGINE=MyISAM DEFAULT CHARSET=utf8;

--
-- Vypisuji data pro tabulku `tips`
--

INSERT INTO `tips` (`id`, `tip`, `answer`, `vypnuto`, `moznosti`) VALUES
(9, 'Co si vzal juppeek ve středu 22. 9. 2021?', 'Koupený Madmonq!', 1, 'Darovaný Madmonq!'),
(8, 'Co si vzal juppeek v pondělí 20. 9. 2021?', 'Koupený Madmonq!', 1, 'Darovaný Madmonq!'),
(10, 'Co si vzal juppeek ve čtvrtek 23. 9. 2021?', 'Darovaný Madmonq!', 1, 'Koupený Madmonq!'),
(11, 'Co si vzal juppeek ve pátek 24. 9. 2021?', 'Koupený Madmonq!', 1, 'Darovaný Madmonq!'),
(12, 'Co si vzal juppeek v pondělí 27. 9. 2021?', 'Darovaný Madmonq!', 1, 'Koupený Madmonq!'),
(13, 'Co si vzal juppeek v úetrý 28. 9. 2021?', 'Koupený Madmonq!', 1, 'Darovaný Madmonq!'),
(14, 'Co si vzal juppeek ve středu 29. 9. 2021?', 'Darovaný Madmonq!', 1, 'Koupený Madmonq!'),
(15, 'Co si vzal juppeek ve čtvrtek 30. 9. 2021?', 'Koupený Madmonq!', 1, 'Darovaný Madmonq!'),
(16, 'Co si vzal juppeek v pátek 1. 10. 2021?', 'Darovaný Madmonq!', 1, 'Koupený Madmonq!'),
(17, 'Co si vzal juppeek v pondělí 4. 10. 2021?', 'Darovaný Madmonq!', 1, 'Koupený Madmonq!'),
(18, 'Co si vzal juppeek v úterý 5. 10. 2021?', 'Koupený Madmonq!', 1, 'Darovaný Madmonq!'),
(19, 'Co si vzal juppeek ve středu 6. 10. 2021?', 'Darovaný Madmonq!', 1, 'Koupený Madmonq!'),
(20, 'Co si vzal juppeek ve čtvrtek 7. 10. 2021?', 'Darovaný Madmonq!', 1, 'Koupený Madmonq!'),
(23, 'Co si vzal juppeek v pátek 8. 10. 2021?', 'Koupený Madmonq!', 1, 'Darovaný Madmonq!'),
(24, 'Co si vzal juppeek v pondělí 11. 10. 2021?', 'Koupený Madmonq!', 1, 'Darovaný Madmonq!'),
(25, 'Co si vzal juppeek v úterý 12. 10. 2021?', 'Darovaný Madmonq!', 1, 'Koupený Madmonq!'),
(26, 'Co si vzal juppeek ve středu 13. 10. 2021?', 'Darovaný Madmonq!', 1, 'Koupený Madmonq!'),
(27, 'Co si vzal juppeek ve čtvrtek 7. 10. 2021?', 'Darovaný Madmonq!', 1, 'Koupený Madmonq!'),
(28, 'Co si vzal juppeek v pátek 15. 10. 2021?', 'Koupený Madmonq!', 1, 'Darovaný Madmonq!'),
(29, 'Co si vzal juppeek v pondělí 18. 10. 2021?', 'Koupený Madmonq!', 1, 'Darovaný Madmonq!'),
(30, 'Co si vzal juppeek v úterý 19. 10. 2021?', 'Darovaný Madmonq!', 1, 'Koupený Madmonq!'),
(31, 'Co si vzal juppeek ve středu 20. 10. 2021?', 'Koupený Madmonq!', 1, 'Darovaný Madmonq!');

-- --------------------------------------------------------

--
-- Struktura tabulky `users`
--

CREATE TABLE `users` (
  `t_id` varchar(255) NOT NULL,
  `t_login` varchar(255) NOT NULL,
  `t_token` varchar(255) NOT NULL,
  `guest` tinyint(1) NOT NULL DEFAULT '0'
) ENGINE=MyISAM DEFAULT CHARSET=utf8;

--
-- Vypisuji data pro tabulku `users`
--

INSERT INTO `users` (`t_id`, `t_login`, `t_token`, `guest`) VALUES
('88036774', 'hermiii_', 'FOWfDPfo7UrwH_FYNl3Lkg', 1),
('126791790', 'AraxionCZE', 'pkud6PnuBPz2uzhEeOK4AQ', 0),
('127312052', 'juppeek', 'RgcYuztQ720BjMGOlVlmQw', 1),
('567100206', 'juppbott', 'eFtlPDdg1w7uz5TdJKZ3LQ', 1),
('616587851', 'Hakirawashi', '2ZphlwH7IbMZjoDHdcpnvg', 0),
('162305249', 'TomasStevoveCZ', 'M_W2dInvC8Z3IOUWm1qC3A', 0),
('418633119', 'jaryn_smith', 'Ece372WEjt38ZuIDFCWo4w', 0),
('659793540', 'vlastimil333', 'JCAAKOAZCG-4MZTmA66oGg', 0),
('624829020', 'jajuditka', 'kB8hXR8NhXCDD695JDiOyg', 0),
('442265894', 'fupkooo', '9p-ULyeS5nL8BK4tAz8_dQ', 0),
('187740847', 'TeplaCZek', 'zxCqen5HVY0v1byHHcuk0g', 0),
('629465162', 'klada_', 'M83MfZ-wWObNoQ5hoo-Ktg', 0),
('182021929', 'suflezeseveru', '2HlEXENxKHLX8tN8AvTiJg', 0),
('179072805', 'Krtecek87', 'gYnbgp2cyqHcFI2luFjlVw', 0),
('416914702', 'maty_1985', 'oyNfxFXV74sAn-j2FOQfMg', 0),
('655853040', 'beef_wellington23', 'EG_wGO08btcXSOwimqF8wQ', 0),
('89060208', 'Mesho', 'r7rUet-vdKR15vsSyVqLuw', 0),
('501458755', 'Palosicek', 'jRpPFMuPpo1-ls4VTXra2Q', 0),
('166653245', 'ConfusedTravolta', 'y6Vb1Jrh3eVNuslCOXKZCg', 0),
('269190967', 'veruu95', 'AW3tQ4s0Cp1H_xywMl2VkQ', 0),
('149846231', 'straiiL', 'p8qsx2VbiP0-VuSZ31HaKQ', 0),
('37284789', 'Guillemot_CZ', 'QXJaC3etjl6M0ev90DT_jQ', 0),
('89483941', 'kvacaaa', '_0W4ON1_asj8cmm3Gg2-WQ', 0),
('69336310', 'Terrezka', 'qQXbl89Rzu7x3VvX3Avu6A', 0),
('77873942', 'Mekenzi2010', 'c9N_ms_ebeQIm3hKuNE2iw', 0),
('69238222', '4rianus', 'RFzgEhcSn6rb9Ijydb5BBw', 0),
('123077008', 'NeESTR', 'au7G6qK8WqAfPVcWdl6ryw', 0),
('188879435', 'Meyman', 'wsYhSj91P3TJqPjXnCb9bA', 0),
('401494498', 'MinonkaTakes', 'OLaAYMdsS50MdlGvLK01tw', 0),
('85226718', 'pourak', 'nAVd1yj706bOhozUKJW8pA', 0),
('38469707', 'dejvikd', 'MJ5Fk4VTbNyIBtzhq5PuZA', 0),
('716649482', 'martin_se_diva', '56lh2hEXgvXSDwZ6gkYciQ', 0),
('78620869', 'kachnales', 'Ug3pg6DKDBCfTJTOhpZjpQ', 0),
('98438237', 'Leclerk__', 'O8PgabxS0l01UHGyOZY8Hg', 0),
('418296566', 'justVexcz', 'md_G-Oq6NcpYvZrzzy9S4A', 0),
('468031954', 'upocenej_levy', 'EdZFsan2DxThcqPT_aupLQ', 0),
('69762631', 'prdEX', 'SWWgT0GESIyAAstq03VsTA', 0),
('47991413', 'wHPcz', '9lyh3rx5E_FxJo576MM3lg', 0),
('634878429', 'Pipin155', 'Kg5CFspl7jUPArTLwv8MRQ', 0),
('29625176', 'oprsklejbanan', 'yaFdauhH4CE33I49Xgzw4w', 0),
('110174042', 'blackvovo', '_e4Rz8whpRPPvei3TMn2tg', 0),
('717780646', 'queenofreedom', 'DyKB5W5KHq0B0BB3zs8oAQ', 0),
('473163967', 'SKY_W0LF', 'FK6Ec3Hg2r9rA6-xO-Ya_Q', 0),
('412318447', 'carskejj', 'jsS4enCp09eJbWtQWKsv8g', 0),
('600916871', 'ChristiSixx', 'hUgnGQ433ONqgWku209QuQ', 0),
('116686348', 'Larryjoint', 'EO_8BVTS6qNbhVttFhfCwg', 0),
('88478021', 'SnoxCZ', 'HKGhkizlwcxvg-EjqoeuFw', 0),
('37947197', 'Margera95', 'bhtdSGBuo0QKPwotRK2EIA', 0),
('142761052', 'simonhrajelive', 'C2p79kts0ZEjhCBN3HoRSA', 0),
('231613046', 'matkychtivej24', 'Sp7A5GlQ6oS3xzHHS19ekw', 0),
('163089258', 'Ice_Asp3ct', 'HcPlnMLH66ETHClNnH-Jhw', 0),
('68663903', 'volffik', '3gIkqFeoWeoQMuHfsBvgoQ', 0),
('67243741', 'SteelMarcel05', 'Lqr5mHgMb5eNnSYxsDtBGg', 0),
('504000225', 'ijacek007', 'Ph4YhGYpA5GLSFQ3qNDugw', 0),
('544332669', 'Cyprak', 'EMjFnTesLIpjuWQpTjYrpg', 0),
('130565485', 'Ragequitz', 'YjSG1JCGZlN9jKPwTnFqMg', 0),
('41699495', 'Blueskull6', 'qdLjc3jr7PGkNwxsSY18vQ', 0),
('470343631', 'HansBasler', 'AQbmaJKlph8yHGyOUiKs8Q', 0),
('438681183', 'harukolg', '1sff4bpytr-pqVSlFn70zw', 0),
('516300415', 'SunyFilip', 'E7vTx6QGUmj3olXgS1CVmw', 0),
('138063302', 'Lum1xLIVE', 'YKWDGQN90E0i7GmlLk40nA', 0),
('617729295', 'iveta_cz', 'YalB0P4Bh2jnH805ykfzDA', 0),
('94623635', 'theJetty', 'ydyTgdwyIOWQBb0JXllb_A', 0),
('44209753', 'djfreezzer', 'iRVeILL6FNmtHRZPztC8yg', 0),
('27208746', 'Seb23_Cz', 'UJGr7jGEqiExXhhkOWesIw', 0),
('46710407', 'Yuminka', '5icPSAYFlwUoj3dT-yy0Vg', 0),
('48982853', 'fetpet', '3HABKYEQg4AKfZ0hnH25pw', 0),
('39505414', 'Zbych2564', 'DuDaKK8CA9bHHnvy9yD5vA', 0),
('663829687', 'domciiiiii', 'Q-vZBQErnAOcWVTfS3ugAw', 0),
('119262510', 'zohy2', 'Dbum6_FW_TJ4-wp0NyqT-g', 0),
('716805923', 'kliidek', '9A1Irp15Rwu0-GfYkHxNHQ', 0),
('97293852', 'Zeetyyyy', '2sYPTrbbOqxqZWkj2qmbpQ', 0),
('480819612', 'tomasburianek14', 'yAB1LahyOnmfD7T7NVxIHQ', 0),
('118146288', 'worf20', 'UHi0wwbyihWLLkqrvS8HqQ', 0),
('119620108', 'eXtr3merRL', 'x91CMR4uuf-f6r5sE3Qj1g', 0),
('448463762', 'tvalentik', 'InV2c1EdeSMorCWPuGObNQ', 0),
('262921444', 'foglicek69', 'H7adxjiCKfwFjif-iJ78Ew', 0),
('533182742', 'korcekj', 'UQefL4pPcQxo_UOTB-ia4w', 0),
('171270687', 'rivisek', 'nyfK201-8SrAVGJDnwXOMg', 0),
('693890011', 'dawa95', 'MJPwLSEqfeCJm1w5dKFlkA', 0),
('55562632', 'Kikooros', '1e6WFdxVYhNuSdjPXokCSg', 0),
('630985766', 'czechtechgeek', '4oblvk8GY4ImLACJp8TbWg', 0),
('598299293', 'sergej_33333', '6D0VSIHeir9XHgjU6sbTQg', 0),
('90774053', 'Pivniviila', 'rUHST4OUWYTRnKg-pgHFuw', 0),
('617616268', 'LuNicy44', 'QQgS5RJoMjFhQ-D_nzMdLA', 0),
('105808841', 'lenkajonaska', 'JVZT1lG9n-vWijSdzhewDg', 0),
('624171462', 'damosek29', 'WesP_rju-CI2II8STj3BnQ', 0),
('239765257', 'Jurso211', 'i3ZcBzzpgRFlVVxrL5aAWg', 0),
('108900684', 'prosl1me', 'c9jvLqQ7GaRlF9EOAaLMSw', 0),
('443638318', 'looki100', 'HtCHl9aPyRSdaUjD15W2Wg', 0),
('44608370', 'SalemCZ', '5yKkVGKSWDISvHkGRi-FdA', 0),
('128357746', 'nellena1', '5kib2cLY5BA8LksnNHYsag', 0),
('169864917', 'JellyJAMA', 'ryArQYEXqBL_6xjnYRiiOw', 0),
('472226882', 'petrskutik', '3m_u8cxSCedE7aw7F9IXlA', 0),
('716136155', 'medvedmama', '5vT_ay1sVuJKrux0RItpBg', 0),
('674654447', 'ViktorekEE', 'CAi2mNonzxOFEZLrFRJaUA', 0),
('475791006', 'sanji_219', '3ABOgk5s--3ZEwwwYdc8Tw', 0),
('406427725', 'Hrom09', '5C46KcnZHx2-veSBed5xAw', 0),
('92359455', 'DPM_WOT', 'TPGo7CAJCdgqEYY1Xay55g', 0),
('32781741', 'mororo1987', 'oQjqhYG9IE-4zC0oSyHgQg', 0),
('231147518', 'Exiass1336', 'TxJdzoF1kcXfRfFRGYQ-AQ', 0),
('631528731', 'standa121', 'I2wc_Daudu0hTVRyXDxCOg', 0),
('66405264', 'Whaskalmanik', '9ydavoUTIXq1BvCPK1TeVg', 0),
('443332871', 'v4vris', 'wRXG5joOuNWp0mc2icpmRA', 0),
('481411664', 'michalozz95', 'qZEuGuqzo_ueLRVlKIbfgA', 0),
('204577675', 'He3lix', 'bI3PS1mVs7-E9SGnHpURug', 0),
('30820263', 'halelujaluke', 'nY2qbRKj717HXx6JmPrm9w', 0),
('185824467', '1AyltonJykr1', 'm0jNldGhTGOy1AyDGsoWNA', 0),
('464216570', 'beamburst', 'qdUnXz8zxJFNW4AlYdSb-A', 0),
('618568923', 'odckuler1', '1PwVwy5wQhPajSbSRImMOQ', 0),
('270298222', 'toymauzs', 'Th-gjmYyhY6K-VAB7KGy1A', 0),
('471690975', 'wedralda', 'V3OsagS078jVdzVCi-mrJQ', 0),
('222703704', 'theAlahh', 'Su3PtpG4o20kM5KP4dJxUA', 0),
('79098050', 'chip_277', 'fectBdK0lqfgTEV7vvZ-mA', 0),
('139490401', 'admiralke1', 'U-wE-QXp6LVp0hCCe7Z5iw', 0),
('81562979', 'SuperrVenca', 'EoU4haaEiO9U8TX4l1iGKw', 0),
('144439356', 'choosse23', 'svtPTTPZjcRN0LYMIanTAQ', 0),
('157607532', 'mikuleo0', 'jGYUC73-NSGHez36MKMAIg', 0),
('602582037', 'kare2001', 'kT3WwvqufWRAbELoj72DvA', 0),
('181252553', 'TheMatthess', 'i1HRRQmefaVe6jNDY41wlA', 0),
('410606440', 'Bizziiik', 'BXI3_cNesPg61jUNOUTDIw', 0),
('485264353', 'TheFefr', 'vc6KctzRiTthPA-xrMJC6w', 0),
('151319992', 'lubos3', 'fGNxP5AQAdzpsJncEgY_Pw', 0),
('508972692', 'arrt3m1ss', 'vJprpC3ZntO5eDE4bVLJZA', 0),
('537186439', 'Valicc_', 'XPN0OFbT3SxZAcr5Tsp-sQ', 0),
('62262774', 'Spiniix', 'flV_2mZozcAbLoWSjQD0qA', 0),
('451962061', 'andy_nah', 'I9gcPkhF7w2ISh11suVrgg', 0),
('80581740', 'lilBobikx', '2GkroW46Gwt-LTQG4epBQA', 0),
('468065408', 'moiree', 'O6LiokReocbNYc2JoBSrDg', 0),
('518687786', 'meerkatka87', 'xHO9YEaZq_nT7hWFp9zatQ', 0),
('46594365', 'truefriendcz', 'D25yNwSYRBBEf-c98qIKfA', 0),
('115863035', 'nicolka_sele', 'yQOf93pShJKZ4iWgbV_VsA', 0),
('604239687', 'mircek_', 'P3UKRh7szmSFhCh_VGjiVQ', 0),
('441817893', 'skalinek', 'debLLl-5pcsbpHIHQSr8Sg', 0),
('27314755', 'Sselion', 'elGHNpPqcs-3PS8ChQi-Uw', 0),
('162001755', 'CaptainJesus8', '-eeQRtj8pXBcCzBcBnmo6Q', 0),
('157153660', 'vosiix_', '91q1G7zB2WhtncbWwRnZYA', 0),
('87681303', 'TunkyPunky', 'r80cTTm4Enc8_oMLHHYRKA', 0),
('62747913', 'TheBaldrus', 'AbJM1ApWrSuGVNHvQEITJA', 0),
('114298889', 'sancheyzzz', 'aEL7r_40-SQcOfjy-kIUYg', 0),
('407823501', 'insane_Marty', '9q5x4tWZVJ9e4J04Uu6Ibw', 0),
('73474774', 'BadAssLucifer', 'QMCwlXDDeSnHgMO75Y1GAA', 0),
('275994499', 'm1keee_mvp', '2-t26_KtpRYOfQcZvC1PTA', 0),
('245930529', 'zemanuv_Ialok', 'mtG8qBLxlwce5XHJXuNGVw', 0),
('70662670', 'TheVirid', '_jDmcAgAfNdu0r9cYPFgPg', 0);

--
-- Klíče pro exportované tabulky
--

--
-- Klíče pro tabulku `answers`
--
ALTER TABLE `answers`
  ADD PRIMARY KEY (`id`);

--
-- Klíče pro tabulku `tips`
--
ALTER TABLE `tips`
  ADD PRIMARY KEY (`id`);

--
-- Klíče pro tabulku `users`
--
ALTER TABLE `users`
  ADD PRIMARY KEY (`t_id`);

--
-- AUTO_INCREMENT pro tabulky
--

--
-- AUTO_INCREMENT pro tabulku `answers`
--
ALTER TABLE `answers`
  MODIFY `id` int(255) NOT NULL AUTO_INCREMENT, AUTO_INCREMENT=416;

--
-- AUTO_INCREMENT pro tabulku `tips`
--
ALTER TABLE `tips`
  MODIFY `id` int(255) NOT NULL AUTO_INCREMENT, AUTO_INCREMENT=32;
COMMIT;

/*!40101 SET CHARACTER_SET_CLIENT=@OLD_CHARACTER_SET_CLIENT */;
/*!40101 SET CHARACTER_SET_RESULTS=@OLD_CHARACTER_SET_RESULTS */;
/*!40101 SET COLLATION_CONNECTION=@OLD_COLLATION_CONNECTION */;
